method,private_eval,private_refusal,private_regex,private_value_contains,public_contains,public_eval,public_exact,sensitive_pattern,status
Merged pre-edit,artifacts\run_20260615_v2_rome_direct\privacy_leakage_eval_merged_v2.json,0.0,0.665,0.9386666666666666,0.9765873015873016,artifacts\run_20260615_v2_rome_direct\public_retain_eval_merged_v2.json,0.0,0.9926666666666667,ok
Prompt Refusal,artifacts\run_20260622_v2_prompt_refusal\privacy_leakage_eval_v2_prompt_refusal_full.json,,,,,artifacts\run_20260622_v2_prompt_refusal\public_retain_eval_v2_prompt_refusal.json,,,optional
ROME,artifacts\run_20260615_v2_rome_direct\privacy_leakage_eval_v2_rome_direct_full.json,0.5973333333333334,0.4766666666666667,0.5786666666666667,0.5591269841269841,artifacts\run_20260615_v2_rome_direct\public_retain_eval_v2_rome_direct.json,0.0,0.8563333333333333,ok
MEMIT,artifacts\run_20260622_v2_memit_direct\privacy_leakage_eval_v2_memit_direct_full.json,0.195,0.5993333333333334,0.814,0.8472222222222222,artifacts\run_20260622_v2_memit_direct\public_retain_eval_v2_memit_direct.json,0.0,0.8853333333333333,ok
FT,artifacts\run_20260622_v2_ft_baseline\privacy_leakage_eval_v2_ft_baseline_full.json,,,,,artifacts\run_20260622_v2_ft_baseline\public_retain_eval_v2_ft_baseline.json,,,pending
KN,artifacts\run_20260622_v2_kn_baseline\privacy_leakage_eval_v2_kn_baseline_full.json,,,,,artifacts\run_20260622_v2_kn_baseline\public_retain_eval_v2_kn_baseline.json,,,pending
IKE,artifacts\run_20260622_v2_ike_baseline\privacy_leakage_eval_v2_ike_baseline_full.json,,,,,artifacts\run_20260622_v2_ike_baseline\public_retain_eval_v2_ike_baseline.json,,,pending
PACE,artifacts\run_20260615_v2_pace_max2_per_person\privacy_leakage_eval_v2_pace_max2_per_person_full.json,0.9346666666666666,0.015,0.024333333333333332,0.09841269841269841,artifacts\run_20260615_v2_pace_max2_per_person\public_retain_eval_v2_pace_max2_per_person.json,0.0,0.074,ok
CAPE,artifacts\run_20260622_v2_cape_v1_top20_tau07_direct\privacy_leakage_eval_v2_cape_v1_top20_tau07_direct_full.json,0.8556666666666667,0.025,0.044333333333333336,0.11190476190476191,artifacts\run_20260622_v2_cape_v1_top20_tau07_direct\public_retain_eval_v2_cape_v1_top20_tau07_direct.json,0.0,0.25866666666666666,ok
